http://image.abcmart.co.kr/nexti/images/title/1426/0065108_title.jpg,스테파노로시,TIROLEAN,"
                113,000
                        "
http://image.abcmart.co.kr/nexti/images/title/1368/0064280_title.jpg,누오보,VITO 2.5,"
                56,000
                        "
http://image.abcmart.co.kr/nexti/images/title/1693/0064241_title.jpg,호킨스,PLAIN SNEAKER,"
                99,000
                        "
http://image.abcmart.co.kr/nexti/images/title/1023/0064614_title.jpg,누오보,SONNY 3,"
                56,000
                        "
http://image.abcmart.co.kr/nexti/images/title/1777/0063976_title.jpg,호킨스,Y-TIP LT,"
                103,500
                        "
http://image.abcmart.co.kr/nexti/images/title/1070/0063616_title.jpg,스카,PINKO,"
                125,000
                        "
http://image.abcmart.co.kr/nexti/images/title/1571/0064285_title.jpg,누오보,SIENA 1.5,"
                56,000
                        "
http://image.abcmart.co.kr/nexti/images/title/1944/0064288_title.jpg,누오보,SOLE 2.5,"
                56,000
                        "
http://image.abcmart.co.kr/nexti/images/title/1493/0064294_title.jpg,누오보,STEPHANIE 4.5,"
                39,000
                        "
http://image.abcmart.co.kr/nexti/images/title/1212/0060497_title.jpg,누오보,FOXY 5,"
                56,000
                        "
http://image.abcmart.co.kr/nexti/images/title/1338/0052432_title.jpg,호킨스,DUBLIN,"
                79,000
                        "
http://image.abcmart.co.kr/nexti/images/title/1211/0056231_title.jpg,스테파노로시,CASUAL TASSEL,"
                113,000
                        "
http://image.abcmart.co.kr/nexti/images/title/1102/0060437_title.jpg,장까를로 모렐리,TASSEL,"
                79,000
                        "
http://image.abcmart.co.kr/nexti/images/title/1638/0062303_title.jpg,호킨스,PLAIN LOAFER,"
                103,500
                        "
http://image.abcmart.co.kr/nexti/images/title/1914/0064613_title.jpg,누오보,SNIPER 2.5,"
                49,000
                        "
http://image.abcmart.co.kr/nexti/images/title/1567/0065222_title.jpg,닥터마틴,GHILLIE SHOE,"
                180,500
                        "
http://image.abcmart.co.kr/nexti/images/title/1445/0064612_title.jpg,누오보,SNIPER 2.5,"
                49,000
                        "
http://image.abcmart.co.kr/nexti/images/title/1366/0064286_title.jpg,누오보,YETI 1.5,"
                56,000
                        "
http://image.abcmart.co.kr/nexti/images/title/1147/0064283_title.jpg,누오보,ZELIA 6.5,"
                39,000
                        "
http://image.abcmart.co.kr/nexti/images/title/1169/0063921_title.jpg,스테파노로시,DRIVING LACE,"
                69,000
                        "
http://image.abcmart.co.kr/nexti/images/title/1492/0061454_title.jpg,누오보,CHARLOTTE 7,"
                19,000
                        "
http://image.abcmart.co.kr/nexti/images/title/1821/0060638_title.jpg,누오보,ZERA 6,"
                56,000
                        "
http://image.abcmart.co.kr/nexti/images/title/1852/0060486_title.jpg,호킨스,Y-TIP LT,"
                103,500
                        "
http://image.abcmart.co.kr/nexti/images/title/1241/0060481_title.jpg,호킨스,PLAIN LT,"
                103,500
                        "
http://image.abcmart.co.kr/nexti/images/title/1866/0064293_title.jpg,누오보,STEPHANIE 4.5,"
                39,000
                        "
